{"classifications":[{"id":"FIELDAGENT-ENTERPRISE","name":"FIELDAGENT ENTERPRISE","description":"Description for Field Agent Enterprise","ccomClass":"ENTERPRISE_TYPE","parent":null},{"id":"FIELDAGENT-SITE","name":"FIELDAGENT SITE","description":"Description for Field Agent Site","ccomClass":"SITE_TYPE","parent":null},{"id":"FIELDAGENT-AREA","name":"FIELDAGENT AREA","description":"Description for Field Agent Area","ccomClass":"SEGMENT_TYPE","parent":null},{"id":"FIELDAGENT-PROCESSCELL","name":"FIELDAGENT PROCESSCELL","description":"Description for Field Agent Process Cell","ccomClass":"SEGMENT_TYPE","parent":null},{"id":"FIELDAGENT-ASSET","name":"FIELDAGENT ASSET","description":"Description for Field Agent Asset","ccomClass":"ASSET_TYPE","parent":null}],"tagClassifications":[{"id":"HISTORIAN-TAG","name":"HISTORIAN-TAG","description":"This is historian tag","unitGroup":"historiantag","properties":[]}],"instances":[{"id":"TRIVENI","name":"Triveni","description":null,"classification":"FIELDAGENT-ENTERPRISE","ccomClass":"ENTERPRISE","properties":[]},{"id":"TRIVENI-BANGALORE-HQ","name":"Bangalore HQ","description":null,"classification":"FIELDAGENT-SITE","ccomClass":"SITE","properties":[]},{"id":"TRIVENI-BANGALORE-HQ-SANVICK","name":"SANVICK","description":null,"classification":"FIELDAGENT-AREA","ccomClass":"SEGMENT","properties":[]},{"id":"TRIVENI-BANGALORE-HQ-SANVICK-LINE1","name":"Line1","description":null,"classification":"FIELDAGENT-PROCESSCELL","ccomClass":"SEGMENT","properties":[]},{"id":"TURBINE-TEST","name":"Turbine Test","description":null,"classification":"FIELDAGENT-ASSET","ccomClass":"ASSET","properties":[{"id":"DeviceId","value":["v_trtb_trv_0002_w"],"type":"String"}]}],"connections":[{"from":{"id":"TRIVENI-BANGALORE-HQ","ccomClass":"SITE"},"to":[{"type":"parent","id":"TRIVENI","ccomClass":"ENTERPRISE"}]},{"from":{"id":"TRIVENI-BANGALORE-HQ-SANVICK","ccomClass":"SEGMENT"},"to":[{"type":"parent","id":"TRIVENI-BANGALORE-HQ","ccomClass":"SITE"}]},{"from":{"id":"TRIVENI-BANGALORE-HQ-SANVICK-LINE1","ccomClass":"SEGMENT"},"to":[{"type":"parent","id":"TRIVENI-BANGALORE-HQ-SANVICK","ccomClass":"SEGMENT"}]},{"from":{"id":"TURBINE-TEST","ccomClass":"ASSET"},"to":[{"type":"parent","id":"TRIVENI-BANGALORE-HQ-SANVICK-LINE1","ccomClass":"SEGMENT"}]}],"tagAssociations":[{"monitoredEntity":{"id":"TURBINE-TEST","ccomClass":"ASSET"},"tags":[{"id":"TURBINE-TEST.TriveniHQ-2_RTD_201PV","name":"TURBINE-TEST.TriveniHQ-2_RTD_201PV","classification":"HISTORIAN-TAG","unit":"SingleFloat","properties":[]},{"id":"TURBINE-TEST.TriveniHQ-2_RTD_202PV","name":"TURBINE-TEST.TriveniHQ-2_RTD_202PV","classification":"HISTORIAN-TAG","unit":"SingleFloat","properties":[]},{"id":"TURBINE-TEST.TriveniHQ-2_RTD_203PV","name":"TURBINE-TEST.TriveniHQ-2_RTD_203PV","classification":"HISTORIAN-TAG","unit":"SingleFloat","properties":[]},{"id":"TURBINE-TEST.TriveniHQ-2_RTD_205PV","name":"TURBINE-TEST.TriveniHQ-2_RTD_205PV","classification":"HISTORIAN-TAG","unit":"SingleFloat","properties":[]}]}]}